Workbook

Sheet Premissas
A1: Prescripta — Modelo de Receita
A2: Projeção 12 meses | Inputs em azul
A4: Mês | B4: Mês 1 | C4: Mês 2 | D4: Mês 3 | E4: Mês 4 | F4: Mês 5 | G4: Mês 6 | H4: Mês 7 | I4: Mês 8 | J4: Mês 9 | K4: Mês 10 | L4: Mês 11 | M4: Mês 12
A6: NOVAS CONTAS POR PLANO
A7: Start Solo (novas) | B7: 2 | C7: 3 | D7: 3 | E7: 4 | F7: 4 | G7: 5 | H7: 5 | I7: 6 | J7: 6 | K7: 7 | L7: 7 | M7: 8
A8: Pro Consultório (novas) | B8: 1 | C8: 1 | D8: 2 | E8: 2 | F8: 2 | G8: 3 | H8: 3 | I8: 3 | J8: 4 | K8: 4 | L8: 4 | M8: 5
A9: Clínica (novas) | B9: 0 | C9: 0 | D9: 1 | E9: 1 | F9: 1 | G9: 1 | H9: 1 | I9: 2 | J9: 2 | K9: 2 | L9: 2 | M9: 3
A10: Total novas contas | B10: =B7+B8+B9 -> 3 | C10: =C7+C8+C9 -> 4 | D10: =D7+D8+D9 -> 6 | E10: =E7+E8+E9 -> 7 | F10: =F7+F8+F9 -> 7 | G10: =G7+G8+G9 -> 9 | H10: =H7+H8+H9 -> 9 | I10: =I7+I8+I9 -> 11 | ... M10: =M7+M8+M9 -> 16
A12: CHURN E RETENÇÃO
A13: Churn mensal (%) | B13: 0 | C13: 0 | D13: 0.05 | E13: 0.05 | F13: 0.05 | G13: 0.05 | H13: 0.05 | I13: 0.05 | J13: 0.05 | K13: 0.05 | L13: 0.05 | M13: 0.05
A15: PRICING
A16: Start Solo — Mensal (R$) | B16: 349
A17: Start Solo — Setup (R$) | B17: 0
A18: Pro Consultório — Mensal (R$) | B18: 990
A19: Pro Consultório — Setup (R$) | B19: 1500
A20: Clínica — Mensal (R$) | B20: 2490
A21: Clínica — Setup (R$) | B21: 4500

Sheet Receita
A1: Prescripta — Projeção de Receita
A3: Mês | B3: Mês 1 | C3: Mês 2 | D3: Mês 3 | E3: Mês 4 | F3: Mês 5 | G3: Mês 6 | H3: Mês 7 | I3: Mês 8 | J3: Mês 9 | K3: Mês 10 | L3: Mês 11 | M3: Mês 12
A5: CONTAS ATIVAS ACUMULADAS
A6: Start Solo — ativas | B6: =Premissas!B7 -> 2 | C6: =ROUND(B6*(1-Premissas!C13)+Premissas!C7,0) -> 5 | D6: =ROUND(C6*(1-Premissas!D13)+Premissas!D7,0) -> 8 | E6: =ROUND(D6*(1-Premissas!E13)+Premissas!E7,0) -> 12 | F6: =ROUND(E6*(1-Premissas!F13)+Premissas!F7,0) -> 15 | G6: =ROUND(F6*(1-Premissas!G13)+Premissas!G7,0) -> 19 | H6: =ROUND(G6*(1-Premissas!H13)+Premissas!H7,0) -> 23 | I6: =ROUND(H6*(1-Premissas!I13)+Premissas!I7,0) -> 28 | J6: =ROUND(I6*(1-Premissas!J13)+Premissas!J7,0) -> 33 | ... M6: =ROUND(L6*(1-Premissas!M13)+Premissas!M7,0) -> 49
A7: Pro Consultório — ativas | B7: =Premissas!B8 -> 1 | C7: =ROUND(B7*(1-Premissas!C13)+Premissas!C8,0) -> 2 | D7: =ROUND(C7*(1-Premissas!D13)+Premissas!D8,0) -> 4 | E7: =ROUND(D7*(1-Premissas!E13)+Premissas!E8,0) -> 6 | F7: =ROUND(E7*(1-Premissas!F13)+Premissas!F8,0) -> 8 | G7: =ROUND(F7*(1-Premissas!G13)+Premissas!G8,0) -> 11 | H7: =ROUND(G7*(1-Premissas!H13)+Premissas!H8,0) -> 13 | I7: =ROUND(H7*(1-Premissas!I13)+Premissas!I8,0) -> 15 | J7: =ROUND(I7*(1-Premissas!J13)+Premissas!J8,0) -> 18 | ... M7: =ROUND(L7*(1-Premissas!M13)+Premissas!M8,0) -> 28
A8: Clínica — ativas | B8: =Premissas!B9 -> 0 | C8: =ROUND(B8*(1-Premissas!C13)+Premissas!C9,0) -> 0 | D8: =ROUND(C8*(1-Premissas!D13)+Premissas!D9,0) -> 1 | E8: =ROUND(D8*(1-Premissas!E13)+Premissas!E9,0) -> 2 | F8: =ROUND(E8*(1-Premissas!F13)+Premissas!F9,0) -> 3 | G8: =ROUND(F8*(1-Premissas!G13)+Premissas!G9,0) -> 4 | H8: =ROUND(G8*(1-Premissas!H13)+Premissas!H9,0) -> 5 | I8: =ROUND(H8*(1-Premissas!I13)+Premissas!I9,0) -> 7 | J8: =ROUND(I8*(1-Premissas!J13)+Premissas!J9,0) -> 9 | ... M8: =ROUND(L8*(1-Premissas!M13)+Premissas!M9,0) -> 14
A9: Total contas ativas | B9: =B6+B7+B8 -> 3 | C9: =C6+C7+C8 -> 7 | D9: =D6+D7+D8 -> 13 | E9: =E6+E7+E8 -> 20 | F9: =F6+F7+F8 -> 26 | G9: =G6+G7+G8 -> 34 | H9: =H6+H7+H8 -> 41 | I9: =I6+I7+I8 -> 50 | ... M9: =M6+M7+M8 -> 91
A11: MRR POR PLANO
A12: MRR Start Solo | B12: =B6*Premissas!$B$16 -> 698 | C12: =C6*Premissas!$B$16 -> 1745 | D12: =D6*Premissas!$B$16 -> 2792 | E12: =E6*Premissas!$B$16 -> 4188 | F12: =F6*Premissas!$B$16 -> 5235 | G12: =G6*Premissas!$B$16 -> 6631 | H12: =H6*Premissas!$B$16 -> 8027 | I12: =I6*Premissas!$B$16 -> 9772 | ... M12: =M6*Premissas!$B$16 -> 17101
A13: MRR Pro Consultório | B13: =B7*Premissas!$B$18 -> 990 | C13: =C7*Premissas!$B$18 -> 1980 | D13: =D7*Premissas!$B$18 -> 3960 | E13: =E7*Premissas!$B$18 -> 5940 | F13: =F7*Premissas!$B$18 -> 7920 | G13: =G7*Premissas!$B$18 -> 10890 | H13: =H7*Premissas!$B$18 -> 12870 | I13: =I7*Premissas!$B$18 -> 14850 | ... M13: =M7*Premissas!$B$18 -> 27720
A14: MRR Clínica | B14: =B8*Premissas!$B$20 -> 0 | C14: =C8*Premissas!$B$20 -> 0 | D14: =D8*Premissas!$B$20 -> 2490 | E14: =E8*Premissas!$B$20 -> 4980 | F14: =F8*Premissas!$B$20 -> 7470 | G14: =G8*Premissas!$B$20 -> 9960 | H14: =H8*Premissas!$B$20 -> 12450 | I14: =I8*Premissas!$B$20 -> 17430 | ... M14: =M8*Premissas!$B$20 -> 34860
A15: MRR Total | B15: =B12+B13+B14 -> 1688 | C15: =C12+C13+C14 -> 3725 | D15: =D12+D13+D14 -> 9242 | E15: =E12+E13+E14 -> 15108 | F15: =F12+F13+F14 -> 20625 | G15: =G12+G13+G14 -> 27481 | H15: =H12+H13+H14 -> 33347 | I15: =I12+I13+I14 -> 42052 | ... M15: =M12+M13+M14 -> 79681
A17: RECEITA DE SETUP
A18: Setup Start Solo | B18: =Premissas!B7*Premissas!$B$17 -> 0 | C18: =Premissas!C7*Premissas!$B$17 -> 0 | D18: =Premissas!D7*Premissas!$B$17 -> 0 | E18: =Premissas!E7*Premissas!$B$17 -> 0 | F18: =Premissas!F7*Premissas!$B$17 -> 0 | G18: =Premissas!G7*Premissas!$B$17 -> 0 | H18: =Premissas!H7*Premissas!$B$17 -> 0 | I18: =Premissas!I7*Premissas!$B$17 -> 0 | ... M18: =Premissas!M7*Premissas!$B$17 -> 0
A19: Setup Pro Consultório | B19: =Premissas!B8*Premissas!$B$19 -> 1500 | C19: =Premissas!C8*Premissas!$B$19 -> 1500 | D19: =Premissas!D8*Premissas!$B$19 -> 3000 | E19: =Premissas!E8*Premissas!$B$19 -> 3000 | F19: =Premissas!F8*Premissas!$B$19 -> 3000 | G19: =Premissas!G8*Premissas!$B$19 -> 4500 | H19: =Premissas!H8*Premissas!$B$19 -> 4500 | I19: =Premissas!I8*Premissas!$B$19 -> 4500 | ... M19: =Premissas!M8*Premissas!$B$19 -> 7500
A20: Setup Clínica | B20: =Premissas!B9*Premissas!$B$21 -> 0 | C20: =Premissas!C9*Premissas!$B$21 -> 0 | D20: =Premissas!D9*Premissas!$B$21 -> 4500 | E20: =Premissas!E9*Premissas!$B$21 -> 4500 | F20: =Premissas!F9*Premissas!$B$21 -> 4500 | G20: =Premissas!G9*Premissas!$B$21 -> 4500 | H20: =Premissas!H9*Premissas!$B$21 -> 4500 | I20: =Premissas!I9*Premissas!$B$21 -> 9000 | ... M20: =Premissas!M9*Premissas!$B$21 -> 13500
A21: Setup Total | B21: =B18+B19+B20 -> 1500 | C21: =C18+C19+C20 -> 1500 | D21: =D18+D19+D20 -> 7500 | E21: =E18+E19+E20 -> 7500 | F21: =F18+F19+F20 -> 7500 | G21: =G18+G19+G20 -> 9000 | H21: =H18+H19+H20 -> 9000 | I21: =I18+I19+I20 -> 13500 | ... M21: =M18+M19+M20 -> 21000
A23: RECEITA TOTAL MENSAL | B23: =B15+B21 -> 3188 | C23: =C15+C21 -> 5225 | D23: =D15+D21 -> 16742 | E23: =E15+E21 -> 22608 | F23: =F15+F21 -> 28125 | G23: =G15+G21 -> 36481 | H23: =H15+H21 -> 42347 | I23: =I15+I21 -> 55552 | ... M23: =M15+M21 -> 100681
A24: RECEITA ACUMULADA | B24: =B23 -> 3188 | C24: =B24+C23 -> 8413 | D24: =C24+D23 -> 25155 | E24: =D24+E23 -> 47763 | F24: =E24+F23 -> 75888 | G24: =F24+G23 -> 112369 | H24: =G24+H23 -> 154716 | I24: =H24+I23 -> 210268 | J24: =I24+J23 -> 277015 | ... M24: =L24+M23 -> 537785
A25: ARR (MRR x 12) | B25: =B15*12 -> 20256 | C25: =C15*12 -> 44700 | D25: =D15*12 -> 110904 | E25: =E15*12 -> 181296 | F25: =F15*12 -> 247500 | G25: =G15*12 -> 329772 | H25: =H15*12 -> 400164 | I25: =I15*12 -> 504624 | ... M25: =M15*12 -> 956172

Sheet Scorecard
A1: Scorecard Executivo
A3: KPI | B3: Mês 1 | C3: Mês 2 | D3: Mês 3 | E3: Mês 4 | F3: Mês 5 | G3: Mês 6 | H3: Mês 7 | I3: Mês 8 | J3: Mês 9 | K3: Mês 10 | L3: Mês 11 | M3: Mês 12
A4: MRR Novo (R$)
A5: Setup Fechado (R$)
A6: Discovery Calls
A7: Demos Realizadas
A8: Propostas Enviadas
A9: Deals Fechados
A10: Ciclo Médio (dias)
A11: Ativação em 30 dias (%)
A12: Churn (contas)
A13: NPS / Satisfação
